{
  "type": "ewma_zscore_hysteresis",
  "mean": 5.306014760147602,
  "std": 1.1425298787197549,
  "alpha": 0.2,
  "z_on": 3.0,
  "z_off": 2.0,
  "hold_seconds": 30,
  "stats": {
    "p50": 5.43,
    "p90": 6.67,
    "p95": 6.98,
    "p99": 7.808000000000001
  },
  "note": "trained on PC from mq5_train.csv; deploy on HAOS add-on"
}